1,0
2.2069,0
3.4138,0
4.6207,0
5.8276,0
7.0345,0
8.2414,0
9.4483,0
10.655,0
11.862,0
13.069,0
14.276,0
15.483,0
16.69,0
17.897,0
19.103,0
20.31,0
21.517,0
22.724,0
23.931,0
25.138,0
26.345,0
27.552,0
28.759,0
29.966,0
31.172,0
32.379,0
33.586,0
34.793,0
36,0
35,0
33.828,0
32.655,0
31.483,0
30.31,0
29.138,0
27.966,0
26.793,0
25.621,0
24.448,0
23.276,0
22.103,0
20.931,0
19.759,0
18.586,0
17.414,0
16.241,0
15.069,0
13.897,0
12.724,0
11.552,0
10.379,0
9.2069,0
8.0345,0
6.8621,0
5.6897,0
4.5172,0
3.3448,0
2.1724,0
1,0
1,0
3.4667,0
5.9333,0
8.4,0
10.867,0
13.333,0
15.8,0
18.267,0
20.733,0
23.2,0
25.667,0
28.133,0
30.6,0
33.067,0
35.533,0
38,0
37,0
34.6,0
32.2,0
29.8,0
27.4,0
25,0
22.6,0
20.2,0
17.8,0
15.4,0
13,0
10.6,0
8.2,0
5.8,0
3.4,0
1,0
1,0
2.4,0
3.8,0
5.2,0
6.6,0
8,0
9.4,0
10.8,0
12.2,0
13.6,0
15,0
16.4,0
17.8,0
19.2,0
20.6,0
22,0
23.4,0
24.8,0
26.2,0
27.6,0
29,0
28,0
26.65,0
25.3,0
23.95,0
22.6,0
21.25,0
19.9,0
18.55,0
17.2,0
15.85,0
14.5,0
13.15,0
11.8,0
10.45,0
9.1,0
7.75,0
6.4,0
5.05,0
3.7,0
2.35,0
1,0
1,0
5.5,0
10,0
14.5,0
19,0
23.5,0
28,0
32.5,0
37,0
41.5,0
46,0
50.5,0
55,0
59.5,0
64,0
68.5,0
73,0
77.5,0
82,0
86.5,0
91,0
95.5,0
100,0
99,0
94.545,0
90.091,0
85.636,0
81.182,0
76.727,0
72.273,0
67.818,0
63.364,0
58.909,0
54.455,0
50,0
45.545,0
41.091,0
36.636,0
32.182,0
27.727,0
23.273,0
18.818,1
14.364,1
9.9091,1
5.4545,1
1,1
1,0
7.6,0
14.2,0
20.8,0
27.4,0
34,0
40.6,0
47.2,0
53.8,0
60.4,0
67,0
73.6,0
80.2,0
86.8,0
93.4,0
100,0
99,0
92.467,0
85.933,0
79.4,0
72.867,0
66.333,0
59.8,0
53.267,0
46.733,0
40.2,0
33.667,0
27.133,1
20.6,1
14.067,1
7.5333,1
1,1
1,0
10.9,0
20.8,0
30.7,0
40.6,0
50.5,0
60.4,0
70.3,0
80.2,0
90.1,0
100,0
99,0
89.2,0
79.4,0
69.6,0
59.8,0
50,0
40.2,1
30.4,1
20.6,1
10.8,1
1,1
1,0
7.1875,0
13.375,0
19.562,0
25.75,0
31.938,0
38.125,0
44.312,0
50.5,0
56.688,0
62.875,0
69.062,0
75.25,0
81.438,0
87.625,0
93.812,0
100,0
99,0
92.875,0
86.75,0
80.625,0
74.5,0
68.375,0
62.25,0
56.125,0
50,0
43.875,0
37.75,0
31.625,0
25.5,1
19.375,1
13.25,1
7.125,1
1,1
1,0
7.1875,0
13.375,0
19.562,0
25.75,0
31.938,0
38.125,0
44.312,0
50.5,0
56.688,0
62.875,0
69.062,0
75.25,0
81.438,0
87.625,0
93.812,0
100,0
99,0
92.875,0
86.75,0
80.625,0
74.5,0
68.375,0
62.25,0
56.125,0
50,0
43.875,0
37.75,0
31.625,0
25.5,1
19.375,1
13.25,1
7.125,1
1,1
1,0
5.4286,0
9.8571,0
14.286,0
18.714,0
23.143,0
27.571,0
32,0
36.429,0
40.857,0
45.286,0
49.714,0
54.143,0
58.571,0
63,0
62,0
57.643,0
53.286,0
48.929,0
44.571,0
40.214,0
35.857,0
31.5,0
27.143,0
22.786,0
18.429,0
14.071,0
9.7143,0
5.3571,0
1,0
1,0
5.3043,0
9.6087,0
13.913,0
18.217,0
22.522,0
26.826,0
31.13,0
35.435,0
39.739,0
44.043,0
48.348,0
52.652,0
56.957,0
61.261,0
65.565,0
69.87,0
74.174,0
78.478,0
82.783,0
87.087,0
91.391,0
95.696,0
100,0
99,0
94.739,0
90.478,0
86.217,0
81.957,0
77.696,0
73.435,0
69.174,0
64.913,0
60.652,0
56.391,0
52.13,0
47.87,0
43.609,0
39.348,0
35.087,0
30.826,0
26.565,0
22.304,0
18.043,1
13.783,1
9.5217,1
5.2609,1
1,1
1,0
4.5357,0
8.0714,0
11.607,0
15.143,0
18.679,0
22.214,0
25.75,0
29.286,0
32.821,0
36.357,0
39.893,0
43.429,0
46.964,0
50.5,0
54.036,0
57.571,0
61.107,0
64.643,0
68.179,0
71.714,0
75.25,0
78.786,0
82.321,0
85.857,0
89.393,0
92.929,0
96.464,0
100,0
99,0
95.5,0
92,0
88.5,0
85,0
81.5,0
78,0
74.5,0
71,0
67.5,0
64,0
60.5,0
57,0
53.5,0
50,0
46.5,0
43,0
39.5,0
36,0
32.5,0
29,0
25.5,0
22,0
18.5,0
15,1
11.5,1
8,1
4.5,1
1,1
1,0
8.0714,0
15.143,0
22.214,0
29.286,0
36.357,0
43.429,0
50.5,0
57.571,0
64.643,0
71.714,0
78.786,0
85.857,0
92.929,0
100,0
99,0
92,0
85,0
78,0
71,0
64,0
57,0
50,0
43,0
36,0
29,1
22,1
15,1
8,1
1,1
1,0
2.6667,0
4.3333,0
6,0
7.6667,0
9.3333,0
11,0
12.667,0
14.333,0
16,0
17.667,0
19.333,0
21,0
22.667,0
24.333,0
26,0
27.667,0
29.333,0
31,0
30,0
28.389,0
26.778,0
25.167,0
23.556,0
21.944,0
20.333,0
18.722,0
17.111,0
15.5,0
13.889,0
12.278,0
10.667,0
9.0556,0
7.4444,0
5.8333,0
4.2222,0
2.6111,0
1,0
1,0
2.1429,0
3.2857,0
4.4286,0
5.5714,0
6.7143,0
7.8571,0
9,0
10.143,0
11.286,0
12.429,0
13.571,0
14.714,0
15.857,0
17,0
16,0
14.929,0
13.857,0
12.786,0
11.714,0
10.643,0
9.5714,0
8.5,0
7.4286,0
6.3571,0
5.2857,0
4.2143,0
3.1429,0
2.0714,0
1,0
1,0
1.6667,0
2.3333,0
3,0
3.6667,0
4.3333,0
5,0
5.6667,0
6.3333,0
7,0
7.6667,0
8.3333,0
9,0
9.6667,0
10.333,0
11,0
11.667,0
12.333,0
13,0
13.667,0
14.333,0
15,0
14,0
13.381,0
12.762,0
12.143,0
11.524,0
10.905,0
10.286,0
9.6667,0
9.0476,0
8.4286,0
7.8095,0
7.1905,0
6.5714,0
5.9524,0
5.3333,0
4.7143,0
4.0952,0
3.4762,0
2.8571,0
2.2381,0
1.619,0
1,0
1,0
5.125,0
9.25,0
13.375,0
17.5,0
21.625,0
25.75,0
29.875,0
34,0
38.125,0
42.25,0
46.375,0
50.5,0
54.625,0
58.75,0
62.875,0
67,0
71.125,0
75.25,0
79.375,0
83.5,0
87.625,0
91.75,0
95.875,0
100,0
99,0
94.917,0
90.833,0
86.75,0
82.667,0
78.583,0
74.5,0
70.417,0
66.333,0
62.25,0
58.167,0
54.083,0
50,0
45.917,0
41.833,0
37.75,0
33.667,0
29.583,0
25.5,0
21.417,0
17.333,1
13.25,1
9.1667,1
5.0833,1
1,1
1,0
5.5,0
10,0
14.5,0
19,0
23.5,0
28,0
32.5,0
37,0
41.5,0
46,0
50.5,0
55,0
59.5,0
64,0
68.5,0
73,0
77.5,0
82,0
86.5,0
91,0
95.5,0
100,0
99,0
94.545,0
90.091,0
85.636,0
81.182,0
76.727,0
72.273,0
67.818,0
63.364,0
58.909,0
54.455,0
50,0
45.545,0
41.091,0
36.636,0
32.182,0
27.727,0
23.273,0
18.818,1
14.364,1
9.9091,1
5.4545,1
1,1
1,0
4.125,0
7.25,0
10.375,0
13.5,0
16.625,0
19.75,0
22.875,0
26,0
29.125,0
32.25,0
35.375,0
38.5,0
41.625,0
44.75,0
47.875,0
51,0
50,0
46.938,0
43.875,0
40.812,0
37.75,0
34.688,0
31.625,0
28.562,0
25.5,0
22.438,0
19.375,0
16.312,0
13.25,0
10.188,0
7.125,0
4.0625,0
1,0
1,0
4.4211,0
7.8421,0
11.263,0
14.684,0
18.105,0
21.526,0
24.947,0
28.368,0
31.789,0
35.211,0
38.632,0
42.053,0
45.474,0
48.895,0
52.316,0
55.737,0
59.158,0
62.579,0
66,0
65,0
61.632,0
58.263,0
54.895,0
51.526,0
48.158,0
44.789,0
41.421,0
38.053,0
34.684,0
31.316,0
27.947,0
24.579,0
21.211,0
17.842,0
14.474,0
11.105,0
7.7368,0
4.3684,0
1,0
1,0
3.1111,0
5.2222,0
7.3333,0
9.4444,0
11.556,0
13.667,0
15.778,0
17.889,0
20,0
22.111,0
24.222,0
26.333,0
28.444,0
30.556,0
32.667,0
34.778,0
36.889,0
39,0
38,0
35.944,0
33.889,0
31.833,0
29.778,0
27.722,0
25.667,0
23.611,0
21.556,0
19.5,0
17.444,0
15.389,0
13.333,0
11.278,0
9.2222,0
7.1667,0
5.1111,0
3.0556,0
1,0
1,0
5.125,0
9.25,0
13.375,0
17.5,0
21.625,0
25.75,0
29.875,0
34,0
38.125,0
42.25,0
46.375,0
50.5,0
54.625,0
58.75,0
62.875,0
67,0
71.125,0
75.25,0
79.375,0
83.5,0
87.625,0
91.75,0
95.875,0
100,0
99,0
94.917,0
90.833,0
86.75,0
82.667,0
78.583,0
74.5,0
70.417,0
66.333,0
62.25,0
58.167,0
54.083,0
50,0
45.917,0
41.833,0
37.75,0
33.667,0
29.583,0
25.5,0
21.417,0
17.333,1
13.25,1
9.1667,1
5.0833,1
1,1
1,0
4.125,0
7.25,0
10.375,0
13.5,0
16.625,0
19.75,0
22.875,0
26,0
29.125,0
32.25,0
35.375,0
38.5,0
41.625,0
44.75,0
47.875,0
51,0
54.125,0
57.25,0
60.375,0
63.5,0
66.625,0
69.75,0
72.875,0
76,0
75,0
71.917,0
68.833,0
65.75,0
62.667,0
59.583,0
56.5,0
53.417,0
50.333,0
47.25,0
44.167,0
41.083,0
38,0
34.917,0
31.833,0
28.75,0
25.667,0
22.583,0
19.5,0
16.417,0
13.333,0
10.25,0
7.1667,0
4.0833,0
1,0
1,0
5.95,0
10.9,0
15.85,0
20.8,0
25.75,0
30.7,0
35.65,0
40.6,0
45.55,0
50.5,0
55.45,0
60.4,0
65.35,0
70.3,0
75.25,0
80.2,0
85.15,0
90.1,0
95.05,0
100,0
99,0
94.1,0
89.2,0
84.3,0
79.4,0
74.5,0
69.6,0
64.7,0
59.8,0
54.9,0
50,0
45.1,0
40.2,0
35.3,0
30.4,0
25.5,0
20.6,1
15.7,1
10.8,1
5.9,1
1,1
1,0
4.9231,0
8.8462,0
12.769,0
16.692,0
20.615,0
24.538,0
28.462,0
32.385,0
36.308,0
40.231,0
44.154,0
48.077,0
52,0
51,0
47.154,0
43.308,0
39.462,0
35.615,0
31.769,0
27.923,0
24.077,0
20.231,0
16.385,0
12.538,0
8.6923,0
4.8462,0
1,0
1,0
4.8077,0
8.6154,0
12.423,0
16.231,0
20.038,0
23.846,0
27.654,0
31.462,0
35.269,0
39.077,0
42.885,0
46.692,0
50.5,0
54.308,0
58.115,0
61.923,0
65.731,0
69.538,0
73.346,0
77.154,0
80.962,0
84.769,0
88.577,0
92.385,0
96.192,0
100,0
99,0
95.231,0
91.462,0
87.692,0
83.923,0
80.154,0
76.385,0
72.615,0
68.846,0
65.077,0
61.308,0
57.538,0
53.769,0
50,0
46.231,0
42.462,0
38.692,0
34.923,0
31.154,0
27.385,0
23.615,0
19.846,0
16.077,1
12.308,1
8.5385,1
4.7692,1
1,1
1,0
10.9,0
20.8,0
30.7,0
40.6,0
50.5,0
60.4,0
70.3,0
80.2,0
90.1,0
100,0
99,0
89.2,0
79.4,0
69.6,0
59.8,0
50,0
40.2,1
30.4,1
20.6,1
10.8,1
1,1
1,0
8.0714,0
15.143,0
22.214,0
29.286,0
36.357,0
43.429,0
50.5,0
57.571,0
64.643,0
71.714,0
78.786,0
85.857,0
92.929,0
100,0
99,0
92,0
85,0
78,0
71,0
64,0
57,0
50,0
43,0
36,0
29,1
22,1
15,1
8,1
1,1
1,0
2.5833,0
4.1667,0
5.75,0
7.3333,0
8.9167,0
10.5,0
12.083,0
13.667,0
15.25,0
16.833,0
18.417,0
20,0
19,0
17.5,0
16,0
14.5,0
13,0
11.5,0
10,0
8.5,0
7,0
5.5,0
4,0
2.5,0
1,0
1,0
4.5357,0
8.0714,0
11.607,0
15.143,0
18.679,0
22.214,0
25.75,0
29.286,0
32.821,0
36.357,0
39.893,0
43.429,0
46.964,0
50.5,0
54.036,0
57.571,0
61.107,0
64.643,0
68.179,0
71.714,0
75.25,0
78.786,0
82.321,0
85.857,0
89.393,0
92.929,0
96.464,0
100,0
99,0
95.5,0
92,0
88.5,0
85,0
81.5,0
78,0
74.5,0
71,0
67.5,0
64,0
60.5,0
57,0
53.5,0
50,0
46.5,0
43,0
39.5,0
36,0
32.5,0
29,0
25.5,0
22,0
18.5,0
15,1
11.5,1
8,1
4.5,1
1,1
1,0
6.75,0
12.5,0
18.25,0
24,0
29.75,0
35.5,0
41.25,0
47,0
52.75,0
58.5,0
64.25,0
70,0
69,0
63.333,0
57.667,0
52,0
46.333,0
40.667,0
35,0
29.333,0
23.667,0
18,0
12.333,0
6.6667,0
1,0
1,0
2.0526,0
3.1053,0
4.1579,0
5.2105,0
6.2632,0
7.3158,0
8.3684,0
9.4211,0
10.474,0
11.526,0
12.579,0
13.632,0
14.684,0
15.737,0
16.789,0
17.842,0
18.895,0
19.947,0
21,0
20,0
19,0
18,0
17,0
16,0
15,0
14,0
13,0
12,0
11,0
10,0
9,0
8,0
7,0
6,0
5,0
4,0
3,0
2,0
1,0
1,0
5.5,0
10,0
14.5,0
19,0
23.5,0
28,0
32.5,0
37,0
41.5,0
46,0
50.5,0
55,0
59.5,0
64,0
68.5,0
73,0
77.5,0
82,0
86.5,0
91,0
95.5,0
100,0
99,0
94.545,0
90.091,0
85.636,0
81.182,0
76.727,0
72.273,0
67.818,0
63.364,0
58.909,0
54.455,0
50,0
45.545,0
41.091,0
36.636,0
32.182,0
27.727,0
23.273,0
18.818,1
14.364,1
9.9091,1
5.4545,1
1,1
1,0
6.8235,0
12.647,0
18.471,0
24.294,0
30.118,0
35.941,0
41.765,0
47.588,0
53.412,0
59.235,0
65.059,0
70.882,0
76.706,0
82.529,0
88.353,0
94.176,0
100,0
99,0
93.235,0
87.471,0
81.706,0
75.941,0
70.176,0
64.412,0
58.647,0
52.882,0
47.118,0
41.353,0
35.588,0
29.824,0
24.059,1
18.294,1
12.529,1
6.7647,1
1,1
1,0
5.125,0
9.25,0
13.375,0
17.5,0
21.625,0
25.75,0
29.875,0
34,0
38.125,0
42.25,0
46.375,0
50.5,0
54.625,0
58.75,0
62.875,0
67,0
71.125,0
75.25,0
79.375,0
83.5,0
87.625,0
91.75,0
95.875,0
100,0
99,0
94.917,0
90.833,0
86.75,0
82.667,0
78.583,0
74.5,0
70.417,0
66.333,0
62.25,0
58.167,0
54.083,0
50,0
45.917,0
41.833,0
37.75,0
33.667,0
29.583,0
25.5,0
21.417,0
17.333,1
13.25,1
9.1667,1
5.0833,1
1,1
1,0
6.8235,0
12.647,0
18.471,0
24.294,0
30.118,0
35.941,0
41.765,0
47.588,0
53.412,0
59.235,0
65.059,0
70.882,0
76.706,0
82.529,0
88.353,0
94.176,0
100,0
99,0
93.235,0
87.471,0
81.706,0
75.941,0
70.176,0
64.412,0
58.647,0
52.882,0
47.118,0
41.353,0
35.588,0
29.824,0
24.059,1
18.294,1
12.529,1
6.7647,1
1,1
1,0
5.4444,0
9.8889,0
14.333,0
18.778,0
23.222,0
27.667,0
32.111,0
36.556,0
41,0
40,0
35.667,0
31.333,0
27,0
22.667,0
18.333,0
14,0
9.6667,0
5.3333,0
1,0
1,0
5.5,0
10,0
14.5,0
19,0
23.5,0
28,0
32.5,0
37,0
41.5,0
46,0
50.5,0
55,0
59.5,0
64,0
68.5,0
73,0
77.5,0
82,0
86.5,0
91,0
95.5,0
100,0
99,0
94.545,0
90.091,0
85.636,0
81.182,0
76.727,0
72.273,0
67.818,0
63.364,0
58.909,0
54.455,0
50,0
45.545,0
41.091,0
36.636,0
32.182,0
27.727,0
23.273,0
18.818,1
14.364,1
9.9091,1
5.4545,1
1,1
1,0
2.85,0
4.7,0
6.55,0
8.4,0
10.25,0
12.1,0
13.95,0
15.8,0
17.65,0
19.5,0
21.35,0
23.2,0
25.05,0
26.9,0
28.75,0
30.6,0
32.45,0
34.3,0
36.15,0
38,0
37,0
35.2,0
33.4,0
31.6,0
29.8,0
28,0
26.2,0
24.4,0
22.6,0
20.8,0
19,0
17.2,0
15.4,0
13.6,0
11.8,0
10,0
8.2,0
6.4,0
4.6,0
2.8,0
1,0
1,0
8.0714,0
15.143,0
22.214,0
29.286,0
36.357,0
43.429,0
50.5,0
57.571,0
64.643,0
71.714,0
78.786,0
85.857,0
92.929,0
100,0
99,0
92,0
85,0
78,0
71,0
64,0
57,0
50,0
43,0
36,0
29,1
22,1
15,1
8,1
1,1
1,0
5.3043,0
9.6087,0
13.913,0
18.217,0
22.522,0
26.826,0
31.13,0
35.435,0
39.739,0
44.043,0
48.348,0
52.652,0
56.957,0
61.261,0
65.565,0
69.87,0
74.174,0
78.478,0
82.783,0
87.087,0
91.391,0
95.696,0
100,0
99,0
94.739,0
90.478,0
86.217,0
81.957,0
77.696,0
73.435,0
69.174,0
64.913,0
60.652,0
56.391,0
52.13,0
47.87,0
43.609,0
39.348,0
35.087,0
30.826,0
26.565,0
22.304,0
18.043,1
13.783,1
9.5217,1
5.2609,1
1,1
1,0
4.9375,0
8.875,0
12.812,0
16.75,0
20.688,0
24.625,0
28.562,0
32.5,0
36.438,0
40.375,0
44.312,0
48.25,0
52.188,0
56.125,0
60.062,0
64,0
63,0
59.125,0
55.25,0
51.375,0
47.5,0
43.625,0
39.75,0
35.875,0
32,0
28.125,0
24.25,0
20.375,0
16.5,0
12.625,0
8.75,0
4.875,0
1,0
1,0
1.52,0
2.04,0
2.56,0
3.08,0
3.6,0
4.12,0
4.64,0
5.16,0
5.68,0
6.2,0
6.72,0
7.24,0
7.76,0
8.28,0
8.8,0
9.32,0
9.84,0
10.36,0
10.88,0
11.4,0
11.92,0
12.44,0
12.96,0
13.48,0
14,0
13,0
12.52,0
12.04,0
11.56,0
11.08,0
10.6,0
10.12,0
9.64,0
9.16,0
8.68,0
8.2,0
7.72,0
7.24,0
6.76,0
6.28,0
5.8,0
5.32,0
4.84,0
4.36,0
3.88,0
3.4,0
2.92,0
2.44,0
1.96,0
1.48,0
1,0
1,0
3.64,0
6.28,0
8.92,0
11.56,0
14.2,0
16.84,0
19.48,0
22.12,0
24.76,0
27.4,0
30.04,0
32.68,0
35.32,0
37.96,0
40.6,0
43.24,0
45.88,0
48.52,0
51.16,0
53.8,0
56.44,0
59.08,0
61.72,0
64.36,0
67,0
66,0
63.4,0
60.8,0
58.2,0
55.6,0
53,0
50.4,0
47.8,0
45.2,0
42.6,0
40,0
37.4,0
34.8,0
32.2,0
29.6,0
27,0
24.4,0
21.8,0
19.2,0
16.6,0
14,0
11.4,0
8.8,0
6.2,0
3.6,0
1,0
1,0
1.8571,0
2.7143,0
3.5714,0
4.4286,0
5.2857,0
6.1429,0
7,0
7.8571,0
8.7143,0
9.5714,0
10.429,0
11.286,0
12.143,0
13,0
12,0
11.214,0
10.429,0
9.6429,0
8.8571,0
8.0714,0
7.2857,0
6.5,0
5.7143,0
4.9286,0
4.1429,0
3.3571,0
2.5714,0
1.7857,0
1,0
1,0
10,0
19,0
28,0
37,0
46,0
55,0
64,0
73,0
82,0
91,0
100,0
99,0
90.091,0
81.182,0
72.273,0
63.364,0
54.455,0
45.545,0
36.636,1
27.727,1
18.818,1
9.9091,1
1,1
1,0
10.9,0
20.8,0
30.7,0
40.6,0
50.5,0
60.4,0
70.3,0
80.2,0
90.1,0
100,0
99,0
89.2,0
79.4,0
69.6,0
59.8,0
50,0
40.2,1
30.4,1
20.6,1
10.8,1
1,1
1,0
5.95,0
10.9,0
15.85,0
20.8,0
25.75,0
30.7,0
35.65,0
40.6,0
45.55,0
50.5,0
55.45,0
60.4,0
65.35,0
70.3,0
75.25,0
80.2,0
85.15,0
90.1,0
95.05,0
100,0
99,0
94.1,0
89.2,0
84.3,0
79.4,0
74.5,0
69.6,0
64.7,0
59.8,0
54.9,0
50,0
45.1,0
40.2,0
35.3,0
30.4,0
25.5,0
20.6,1
15.7,1
10.8,1
5.9,1
1,1
1,0
6.2105,0
11.421,0
16.632,0
21.842,0
27.053,0
32.263,0
37.474,0
42.684,0
47.895,0
53.105,0
58.316,0
63.526,0
68.737,0
73.947,0
79.158,0
84.368,0
89.579,0
94.789,0
100,0
99,0
93.842,0
88.684,0
83.526,0
78.368,0
73.211,0
68.053,0
62.895,0
57.737,0
52.579,0
47.421,0
42.263,0
37.105,0
31.947,0
26.789,0
21.632,1
16.474,1
11.316,1
6.1579,1
1,1
1,0
7.9091,0
14.818,0
21.727,0
28.636,0
35.545,0
42.455,0
49.364,0
56.273,0
63.182,0
70.091,0
77,0
76,0
69.182,0
62.364,0
55.545,0
48.727,0
41.909,0
35.091,0
28.273,0
21.455,0
14.636,0
7.8182,0
1,0
1,0
5.3043,0
9.6087,0
13.913,0
18.217,0
22.522,0
26.826,0
31.13,0
35.435,0
39.739,0
44.043,0
48.348,0
52.652,0
56.957,0
61.261,0
65.565,0
69.87,0
74.174,0
78.478,0
82.783,0
87.087,0
91.391,0
95.696,0
100,0
99,0
94.739,0
90.478,0
86.217,0
81.957,0
77.696,0
73.435,0
69.174,0
64.913,0
60.652,0
56.391,0
52.13,0
47.87,0
43.609,0
39.348,0
35.087,0
30.826,0
26.565,0
22.304,0
18.043,1
13.783,1
9.5217,1
5.2609,1
1,1
1,0
3.8095,0
6.619,0
9.4286,0
12.238,0
15.048,0
17.857,0
20.667,0
23.476,0
26.286,0
29.095,0
31.905,0
34.714,0
37.524,0
40.333,0
43.143,0
45.952,0
48.762,0
51.571,0
54.381,0
57.19,0
60,0
59,0
56.238,0
53.476,0
50.714,0
47.952,0
45.19,0
42.429,0
39.667,0
36.905,0
34.143,0
31.381,0
28.619,0
25.857,0
23.095,0
20.333,0
17.571,0
14.81,0
12.048,0
9.2857,0
6.5238,0
3.7619,0
1,0
1,0
6.8235,0
12.647,0
18.471,0
24.294,0
30.118,0
35.941,0
41.765,0
47.588,0
53.412,0
59.235,0
65.059,0
70.882,0
76.706,0
82.529,0
88.353,0
94.176,0
100,0
99,0
93.235,0
87.471,0
81.706,0
75.941,0
70.176,0
64.412,0
58.647,0
52.882,0
47.118,0
41.353,0
35.588,0
29.824,0
24.059,1
18.294,1
12.529,1
6.7647,1
1,1
1,0
8.6154,0
16.231,0
23.846,0
31.462,0
39.077,0
46.692,0
54.308,0
61.923,0
69.538,0
77.154,0
84.769,0
92.385,0
100,0
99,0
91.462,0
83.923,0
76.385,0
68.846,0
61.308,0
53.769,0
46.231,0
38.692,0
31.154,1
23.615,1
16.077,1
8.5385,1
1,1
1,0
3.9524,0
6.9048,0
9.8571,0
12.81,0
15.762,0
18.714,0
21.667,0
24.619,0
27.571,0
30.524,0
33.476,0
36.429,0
39.381,0
42.333,0
45.286,0
48.238,0
51.19,0
54.143,0
57.095,0
60.048,0
63,0
62,0
59.095,0
56.19,0
53.286,0
50.381,0
47.476,0
44.571,0
41.667,0
38.762,0
35.857,0
32.952,0
30.048,0
27.143,0
24.238,0
21.333,0
18.429,0
15.524,0
12.619,0
9.7143,0
6.8095,0
3.9048,0
1,0
1,0
3.2857,0
5.5714,0
7.8571,0
10.143,0
12.429,0
14.714,0
17,0
19.286,0
21.571,0
23.857,0
26.143,0
28.429,0
30.714,0
33,0
35.286,0
37.571,0
39.857,0
42.143,0
44.429,0
46.714,0
49,0
48,0
45.762,0
43.524,0
41.286,0
39.048,0
36.81,0
34.571,0
32.333,0
30.095,0
27.857,0
25.619,0
23.381,0
21.143,0
18.905,0
16.667,0
14.429,0
12.19,0
9.9524,0
7.7143,0
5.4762,0
3.2381,0
1,0
1,0
2.3571,0
3.7143,0
5.0714,0
6.4286,0
7.7857,0
9.1429,0
10.5,0
11.857,0
13.214,0
14.571,0
15.929,0
17.286,0
18.643,0
20,0
21.357,0
22.714,0
24.071,0
25.429,0
26.786,0
28.143,0
29.5,0
30.857,0
32.214,0
33.571,0
34.929,0
36.286,0
37.643,0
39,0
38,0
36.679,0
35.357,0
34.036,0
32.714,0
31.393,0
30.071,0
28.75,0
27.429,0
26.107,0
24.786,0
23.464,0
22.143,0
20.821,0
19.5,0
18.179,0
16.857,0
15.536,0
14.214,0
12.893,0
11.571,0
10.25,0
8.9286,0
7.6071,0
6.2857,0
4.9643,0
3.6429,0
2.3214,0
1,0
1,0
5.125,0
9.25,0
13.375,0
17.5,0
21.625,0
25.75,0
29.875,0
34,0
38.125,0
42.25,0
46.375,0
50.5,0
54.625,0
58.75,0
62.875,0
67,0
71.125,0
75.25,0
79.375,0
83.5,0
87.625,0
91.75,0
95.875,0
100,0
99,0
94.917,0
90.833,0
86.75,0
82.667,0
78.583,0
74.5,0
70.417,0
66.333,0
62.25,0
58.167,0
54.083,0
50,0
45.917,0
41.833,0
37.75,0
33.667,0
29.583,0
25.5,0
21.417,0
17.333,1
13.25,1
9.1667,1
5.0833,1
1,1
1,0
6.5,0
12,0
17.5,0
23,0
28.5,0
34,0
39.5,0
45,0
50.5,0
56,0
55,0
49.6,0
44.2,0
38.8,0
33.4,0
28,0
22.6,0
17.2,0
11.8,0
6.4,0
1,0
1,0
4.5357,0
8.0714,0
11.607,0
15.143,0
18.679,0
22.214,0
25.75,0
29.286,0
32.821,0
36.357,0
39.893,0
43.429,0
46.964,0
50.5,0
54.036,0
57.571,0
61.107,0
64.643,0
68.179,0
71.714,0
75.25,0
78.786,0
82.321,0
85.857,0
89.393,0
92.929,0
96.464,0
100,0
99,0
95.5,0
92,0
88.5,0
85,0
81.5,0
78,0
74.5,0
71,0
67.5,0
64,0
60.5,0
57,0
53.5,0
50,0
46.5,0
43,0
39.5,0
36,0
32.5,0
29,0
25.5,0
22,0
18.5,0
15,1
11.5,1
8,1
4.5,1
1,1
1,0
2.4643,0
3.9286,0
5.3929,0
6.8571,0
8.3214,0
9.7857,0
11.25,0
12.714,0
14.179,0
15.643,0
17.107,0
18.571,0
20.036,0
21.5,0
22.964,0
24.429,0
25.893,0
27.357,0
28.821,0
30.286,0
31.75,0
33.214,0
34.679,0
36.143,0
37.607,0
39.071,0
40.536,0
42,0
41,0
39.571,0
38.143,0
36.714,0
35.286,0
33.857,0
32.429,0
31,0
29.571,0
28.143,0
26.714,0
25.286,0
23.857,0
22.429,0
21,0
19.571,0
18.143,0
16.714,0
15.286,0
13.857,0
12.429,0
11,0
9.5714,0
8.1429,0
6.7143,0
5.2857,0
3.8571,0
2.4286,0
1,0
1,0
5.1667,0
9.3333,0
13.5,0
17.667,0
21.833,0
26,0
30.167,0
34.333,0
38.5,0
42.667,0
46.833,0
51,0
50,0
45.917,0
41.833,0
37.75,0
33.667,0
29.583,0
25.5,0
21.417,0
17.333,0
13.25,0
9.1667,0
5.0833,0
1,0
1,0
6.5,0
12,0
17.5,0
23,0
28.5,0
34,0
39.5,0
45,0
50.5,0
56,0
61.5,0
67,0
72.5,0
78,0
83.5,0
89,0
94.5,0
100,0
99,0
93.556,0
88.111,0
82.667,0
77.222,0
71.778,0
66.333,0
60.889,0
55.444,0
50,0
44.556,0
39.111,0
33.667,0
28.222,0
22.778,1
17.333,1
11.889,1
6.4444,1
1,1
1,0
6.2105,0
11.421,0
16.632,0
21.842,0
27.053,0
32.263,0
37.474,0
42.684,0
47.895,0
53.105,0
58.316,0
63.526,0
68.737,0
73.947,0
79.158,0
84.368,0
89.579,0
94.789,0
100,0
99,0
93.842,0
88.684,0
83.526,0
78.368,0
73.211,0
68.053,0
62.895,0
57.737,0
52.579,0
47.421,0
42.263,0
37.105,0
31.947,0
26.789,0
21.632,1
16.474,1
11.316,1
6.1579,1
1,1
1,0
5.4375,0
9.875,0
14.312,0
18.75,0
23.188,0
27.625,0
32.062,0
36.5,0
40.938,0
45.375,0
49.812,0
54.25,0
58.688,0
63.125,0
67.562,0
72,0
71,0
66.625,0
62.25,0
57.875,0
53.5,0
49.125,0
44.75,0
40.375,0
36,0
31.625,0
27.25,0
22.875,0
18.5,0
14.125,0
9.75,0
5.375,0
1,0
1,0
7.6,0
14.2,0
20.8,0
27.4,0
34,0
40.6,0
47.2,0
53.8,0
60.4,0
67,0
73.6,0
80.2,0
86.8,0
93.4,0
100,0
99,0
92.467,0
85.933,0
79.4,0
72.867,0
66.333,0
59.8,0
53.267,0
46.733,0
40.2,0
33.667,0
27.133,1
20.6,1
14.067,1
7.5333,1
1,1
1,0
4.6667,0
8.3333,0
12,0
15.667,0
19.333,0
23,0
26.667,0
30.333,0
34,0
37.667,0
41.333,0
45,0
48.667,0
52.333,0
56,0
59.667,0
63.333,0
67,0
70.667,0
74.333,0
78,0
81.667,0
85.333,0
89,0
92.667,0
96.333,0
100,0
99,0
95.37,0
91.741,0
88.111,0
84.481,0
80.852,0
77.222,0
73.593,0
69.963,0
66.333,0
62.704,0
59.074,0
55.444,0
51.815,0
48.185,0
44.556,0
40.926,0
37.296,0
33.667,0
30.037,0
26.407,0
22.778,0
19.148,0
15.519,1
11.889,1
8.2593,1
4.6296,1
1,1
1,0
4.4138,0
7.8276,0
11.241,0
14.655,0
18.069,0
21.483,0
24.897,0
28.31,0
31.724,0
35.138,0
38.552,0
41.966,0
45.379,0
48.793,0
52.207,0
55.621,0
59.034,0
62.448,0
65.862,0
69.276,0
72.69,0
76.103,0
79.517,0
82.931,0
86.345,0
89.759,0
93.172,0
96.586,0
100,0
99,0
95.621,0
92.241,0
88.862,0
85.483,0
82.103,0
78.724,0
75.345,0
71.966,0
68.586,0
65.207,0
61.828,0
58.448,0
55.069,0
51.69,0
48.31,0
44.931,0
41.552,0
38.172,0
34.793,0
31.414,0
28.034,0
24.655,0
21.276,0
17.897,0
14.517,1
11.138,1
7.7586,1
4.3793,1
1,1
1,0
1.5294,0
2.0588,0
2.5882,0
3.1176,0
3.6471,0
4.1765,0
4.7059,0
5.2353,0
5.7647,0
6.2941,0
6.8235,0
7.3529,0
7.8824,0
8.4118,0
8.9412,0
9.4706,0
10,0
9,0
8.5294,0
8.0588,0
7.5882,0
7.1176,0
6.6471,0
6.1765,0
5.7059,0
5.2353,0
4.7647,0
4.2941,0
3.8235,0
3.3529,0
2.8824,0
2.4118,0
1.9412,0
1.4706,0
1,0
1,0
9.25,0
17.5,0
25.75,0
34,0
42.25,0
50.5,0
58.75,0
67,0
75.25,0
83.5,0
91.75,0
100,0
99,0
90.833,0
82.667,0
74.5,0
66.333,0
58.167,0
50,0
41.833,0
33.667,1
25.5,1
17.333,1
9.1667,1
1,1
1,0
5.95,0
10.9,0
15.85,0
20.8,0
25.75,0
30.7,0
35.65,0
40.6,0
45.55,0
50.5,0
55.45,0
60.4,0
65.35,0
70.3,0
75.25,0
80.2,0
85.15,0
90.1,0
95.05,0
100,0
99,0
94.1,0
89.2,0
84.3,0
79.4,0
74.5,0
69.6,0
64.7,0
59.8,0
54.9,0
50,0
45.1,0
40.2,0
35.3,0
30.4,0
25.5,0
20.6,1
15.7,1
10.8,1
5.9,1
1,1
1,0
2.7059,0
4.4118,0
6.1176,0
7.8235,0
9.5294,0
11.235,0
12.941,0
14.647,0
16.353,0
18.059,0
19.765,0
21.471,0
23.176,0
24.882,0
26.588,0
28.294,0
30,0
29,0
27.353,0
25.706,0
24.059,0
22.412,0
20.765,0
19.118,0
17.471,0
15.824,0
14.176,0
12.529,0
10.882,0
9.2353,0
7.5882,0
5.9412,0
4.2941,0
2.6471,0
1,0
1,0
5.95,0
10.9,0
15.85,0
20.8,0
25.75,0
30.7,0
35.65,0
40.6,0
45.55,0
50.5,0
55.45,0
60.4,0
65.35,0
70.3,0
75.25,0
80.2,0
85.15,0
90.1,0
95.05,0
100,0
99,0
94.1,0
89.2,0
84.3,0
79.4,0
74.5,0
69.6,0
64.7,0
59.8,0
54.9,0
50,0
45.1,0
40.2,0
35.3,0
30.4,0
25.5,0
20.6,1
15.7,1
10.8,1
5.9,1
1,1
1,0
4,0
7,0
10,0
13,0
16,0
19,0
22,0
25,0
28,0
31,0
34,0
37,0
40,0
43,0
46,0
49,0
52,0
55,0
58,0
61,0
64,0
67,0
70,0
69,0
66.043,0
63.087,0
60.13,0
57.174,0
54.217,0
51.261,0
48.304,0
45.348,0
42.391,0
39.435,0
36.478,0
33.522,0
30.565,0
27.609,0
24.652,0
21.696,0
18.739,0
15.783,0
12.826,0
9.8696,0
6.913,0
3.9565,0
1,0
1,0
1.6667,0
2.3333,0
3,0
3.6667,0
4.3333,0
5,0
5.6667,0
6.3333,0
7,0
7.6667,0
8.3333,0
9,0
9.6667,0
10.333,0
11,0
10,0
9.4,0
8.8,0
8.2,0
7.6,0
7,0
6.4,0
5.8,0
5.2,0
4.6,0
4,0
3.4,0
2.8,0
2.2,0
1.6,0
1,0
1,0
1.9655,0
2.931,0
3.8966,0
4.8621,0
5.8276,0
6.7931,0
7.7586,0
8.7241,0
9.6897,0
10.655,0
11.621,0
12.586,0
13.552,0
14.517,0
15.483,0
16.448,0
17.414,0
18.379,0
19.345,0
20.31,0
21.276,0
22.241,0
23.207,0
24.172,0
25.138,0
26.103,0
27.069,0
28.034,0
29,0
28,0
27.069,0
26.138,0
25.207,0
24.276,0
23.345,0
22.414,0
21.483,0
20.552,0
19.621,0
18.69,0
17.759,0
16.828,0
15.897,0
14.966,0
14.034,0
13.103,0
12.172,0
11.241,0
10.31,0
9.3793,0
8.4483,0
7.5172,0
6.5862,0
5.6552,0
4.7241,0
3.7931,0
2.8621,0
1.931,0
1,0
1,0
8.0714,0
15.143,0
22.214,0
29.286,0
36.357,0
43.429,0
50.5,0
57.571,0
64.643,0
71.714,0
78.786,0
85.857,0
92.929,0
100,0
99,0
92,0
85,0
78,0
71,0
64,0
57,0
50,0
43,0
36,0
29,1
22,1
15,1
8,1
1,1
1,0
8.6154,0
16.231,0
23.846,0
31.462,0
39.077,0
46.692,0
54.308,0
61.923,0
69.538,0
77.154,0
84.769,0
92.385,0
100,0
99,0
91.462,0
83.923,0
76.385,0
68.846,0
61.308,0
53.769,0
46.231,0
38.692,0
31.154,1
23.615,1
16.077,1
8.5385,1
1,1
1,0
7.6,0
14.2,0
20.8,0
27.4,0
34,0
40.6,0
47.2,0
53.8,0
60.4,0
67,0
73.6,0
80.2,0
86.8,0
93.4,0
100,0
99,0
92.467,0
85.933,0
79.4,0
72.867,0
66.333,0
59.8,0
53.267,0
46.733,0
40.2,0
33.667,0
27.133,1
20.6,1
14.067,1
7.5333,1
1,1
1,0
4.8947,0
8.7895,0
12.684,0
16.579,0
20.474,0
24.368,0
28.263,0
32.158,0
36.053,0
39.947,0
43.842,0
47.737,0
51.632,0
55.526,0
59.421,0
63.316,0
67.211,0
71.105,0
75,0
74,0
70.158,0
66.316,0
62.474,0
58.632,0
54.789,0
50.947,0
47.105,0
43.263,0
39.421,0
35.579,0
31.737,0
27.895,0
24.053,0
20.211,0
16.368,0
12.526,0
8.6842,0
4.8421,0
1,0
1,0
4.4138,0
7.8276,0
11.241,0
14.655,0
18.069,0
21.483,0
24.897,0
28.31,0
31.724,0
35.138,0
38.552,0
41.966,0
45.379,0
48.793,0
52.207,0
55.621,0
59.034,0
62.448,0
65.862,0
69.276,0
72.69,0
76.103,0
79.517,0
82.931,0
86.345,0
89.759,0
93.172,0
96.586,0
100,0
99,0
95.621,0
92.241,0
88.862,0
85.483,0
82.103,0
78.724,0
75.345,0
71.966,0
68.586,0
65.207,0
61.828,0
58.448,0
55.069,0
51.69,0
48.31,0
44.931,0
41.552,0
38.172,0
34.793,0
31.414,0
28.034,0
24.655,0
21.276,0
17.897,0
14.517,1
11.138,1
7.7586,1
4.3793,1
1,1
1,0
8.0714,0
15.143,0
22.214,0
29.286,0
36.357,0
43.429,0
50.5,0
57.571,0
64.643,0
71.714,0
78.786,0
85.857,0
92.929,0
100,0
99,0
92,0
85,0
78,0
71,0
64,0
57,0
50,0
43,0
36,0
29,1
22,1
15,1
8,1
1,1
1,0
4.2273,0
7.4545,0
10.682,0
13.909,0
17.136,0
20.364,0
23.591,0
26.818,0
30.045,0
33.273,0
36.5,0
39.727,0
42.955,0
46.182,0
49.409,0
52.636,0
55.864,0
59.091,0
62.318,0
65.545,0
68.773,0
72,0
71,0
67.818,0
64.636,0
61.455,0
58.273,0
55.091,0
51.909,0
48.727,0
45.545,0
42.364,0
39.182,0
36,0
32.818,0
29.636,0
26.455,0
23.273,0
20.091,0
16.909,0
13.727,0
10.545,0
7.3636,0
4.1818,0
1,0
1,0
12,0
23,0
34,0
45,0
56,0
67,0
78,0
89,0
100,0
99,0
88.111,0
77.222,0
66.333,0
55.444,0
44.556,1
33.667,1
22.778,1
11.889,1
1,1
1,0
6.5,0
12,0
17.5,0
23,0
28.5,0
34,0
39.5,0
45,0
50.5,0
56,0
61.5,0
67,0
72.5,0
78,0
83.5,0
89,0
94.5,0
100,0
99,0
93.556,0
88.111,0
82.667,0
77.222,0
71.778,0
66.333,0
60.889,0
55.444,0
50,0
44.556,0
39.111,0
33.667,0
28.222,0
22.778,1
17.333,1
11.889,1
6.4444,1
1,1
1,0
2.1379,0
3.2759,0
4.4138,0
5.5517,0
6.6897,0
7.8276,0
8.9655,0
10.103,0
11.241,0
12.379,0
13.517,0
14.655,0
15.793,0
16.931,0
18.069,0
19.207,0
20.345,0
21.483,0
22.621,0
23.759,0
24.897,0
26.034,0
27.172,0
28.31,0
29.448,0
30.586,0
31.724,0
32.862,0
34,0
33,0
31.897,0
30.793,0
29.69,0
28.586,0
27.483,0
26.379,0
25.276,0
24.172,0
23.069,0
21.966,0
20.862,0
19.759,0
18.655,0
17.552,0
16.448,0
15.345,0
14.241,0
13.138,0
12.034,0
10.931,0
9.8276,0
8.7241,0
7.6207,0
6.5172,0
5.4138,0
4.3103,0
3.2069,0
2.1034,0
1,0
1,0
6.5,0
12,0
17.5,0
23,0
28.5,0
34,0
39.5,0
45,0
50.5,0
56,0
61.5,0
67,0
72.5,0
78,0
83.5,0
89,0
94.5,0
100,0
99,0
93.556,0
88.111,0
82.667,0
77.222,0
71.778,0
66.333,0
60.889,0
55.444,0
50,0
44.556,0
39.111,0
33.667,0
28.222,0
22.778,1
17.333,1
11.889,1
6.4444,1
1,1
1,0
4.3333,0
7.6667,0
11,0
14.333,0
17.667,0
21,0
24.333,0
27.667,0
31,0
34.333,0
37.667,0
41,0
44.333,0
47.667,0
51,0
50,0
46.733,0
43.467,0
40.2,0
36.933,0
33.667,0
30.4,0
27.133,0
23.867,0
20.6,0
17.333,0
14.067,0
10.8,0
7.5333,0
4.2667,0
1,0
1,0
8.6154,0
16.231,0
23.846,0
31.462,0
39.077,0
46.692,0
54.308,0
61.923,0
69.538,0
77.154,0
84.769,0
92.385,0
100,0
99,0
91.462,0
83.923,0
76.385,0
68.846,0
61.308,0
53.769,0
46.231,0
38.692,0
31.154,1
23.615,1
16.077,1
8.5385,1
1,1
1,0
5.2222,0
9.4444,0
13.667,0
17.889,0
22.111,0
26.333,0
30.556,0
34.778,0
39,0
43.222,0
47.444,0
51.667,0
55.889,0
60.111,0
64.333,0
68.556,0
72.778,0
77,0
76,0
71.833,0
67.667,0
63.5,0
59.333,0
55.167,0
51,0
46.833,0
42.667,0
38.5,0
34.333,0
30.167,0
26,0
21.833,0
17.667,0
13.5,0
9.3333,0
5.1667,0
1,0
1,0
6.5,0
12,0
17.5,0
23,0
28.5,0
34,0
39.5,0
45,0
50.5,0
56,0
61.5,0
67,0
72.5,0
78,0
83.5,0
89,0
94.5,0
100,0
99,0
93.556,0
88.111,0
82.667,0
77.222,0
71.778,0
66.333,0
60.889,0
55.444,0
50,0
44.556,0
39.111,0
33.667,0
28.222,0
22.778,1
17.333,1
11.889,1
6.4444,1
1,1
1,0
4.96,0
8.92,0
12.88,0
16.84,0
20.8,0
24.76,0
28.72,0
32.68,0
36.64,0
40.6,0
44.56,0
48.52,0
52.48,0
56.44,0
60.4,0
64.36,0
68.32,0
72.28,0
76.24,0
80.2,0
84.16,0
88.12,0
92.08,0
96.04,0
100,0
99,0
95.08,0
91.16,0
87.24,0
83.32,0
79.4,0
75.48,0
71.56,0
67.64,0
63.72,0
59.8,0
55.88,0
51.96,0
48.04,0
44.12,0
40.2,0
36.28,0
32.36,0
28.44,0
24.52,0
20.6,0
16.68,1
12.76,1
8.84,1
4.92,1
1,1
1,0
7.1875,0
13.375,0
19.562,0
25.75,0
31.938,0
38.125,0
44.312,0
50.5,0
56.688,0
62.875,0
69.062,0
75.25,0
81.438,0
87.625,0
93.812,0
100,0
99,0
92.875,0
86.75,0
80.625,0
74.5,0
68.375,0
62.25,0
56.125,0
50,0
43.875,0
37.75,0
31.625,0
25.5,1
19.375,1
13.25,1
7.125,1
1,1
1,0
4.96,0
8.92,0
12.88,0
16.84,0
20.8,0
24.76,0
28.72,0
32.68,0
36.64,0
40.6,0
44.56,0
48.52,0
52.48,0
56.44,0
60.4,0
64.36,0
68.32,0
72.28,0
76.24,0
80.2,0
84.16,0
88.12,0
92.08,0
96.04,0
100,0
99,0
95.08,0
91.16,0
87.24,0
83.32,0
79.4,0
75.48,0
71.56,0
67.64,0
63.72,0
59.8,0
55.88,0
51.96,0
48.04,0
44.12,0
40.2,0
36.28,0
32.36,0
28.44,0
24.52,0
20.6,0
16.68,1
12.76,1
8.84,1
4.92,1
1,1
1,0
5.7143,0
10.429,0
15.143,0
19.857,0
24.571,0
29.286,0
34,0
38.714,0
43.429,0
48.143,0
52.857,0
57.571,0
62.286,0
67,0
71.714,0
76.429,0
81.143,0
85.857,0
90.571,0
95.286,0
100,0
99,0
94.333,0
89.667,0
85,0
80.333,0
75.667,0
71,0
66.333,0
61.667,0
57,0
52.333,0
47.667,0
43,0
38.333,0
33.667,0
29,0
24.333,0
19.667,1
15,1
10.333,1
5.6667,1
1,1
1,0
5.0769,0
9.1538,0
13.231,0
17.308,0
21.385,0
25.462,0
29.538,0
33.615,0
37.692,0
41.769,0
45.846,0
49.923,0
54,0
53,0
49,0
45,0
41,0
37,0
33,0
29,0
25,0
21,0
17,0
13,0
9,0
5,0
1,0
1,0
4.9286,0
8.8571,0
12.786,0
16.714,0
20.643,0
24.571,0
28.5,0
32.429,0
36.357,0
40.286,0
44.214,0
48.143,0
52.071,0
56,0
55,0
51.143,0
47.286,0
43.429,0
39.571,0
35.714,0
31.857,0
28,0
24.143,0
20.286,0
16.429,0
12.571,0
8.7143,0
4.8571,0
1,0
1,0
4.6667,0
8.3333,0
12,0
15.667,0
19.333,0
23,0
26.667,0
30.333,0
34,0
37.667,0
41.333,0
45,0
48.667,0
52.333,0
56,0
59.667,0
63.333,0
67,0
70.667,0
74.333,0
78,0
81.667,0
85.333,0
89,0
92.667,0
96.333,0
100,0
99,0
95.37,0
91.741,0
88.111,0
84.481,0
80.852,0
77.222,0
73.593,0
69.963,0
66.333,0
62.704,0
59.074,0
55.444,0
51.815,0
48.185,0
44.556,0
40.926,0
37.296,0
33.667,0
30.037,0
26.407,0
22.778,0
19.148,0
15.519,1
11.889,1
8.2593,1
4.6296,1
1,1
1,0
6.5455,0
12.091,0
17.636,0
23.182,0
28.727,0
34.273,0
39.818,0
45.364,0
50.909,0
56.455,0
62,0
61,0
55.545,0
50.091,0
44.636,0
39.182,0
33.727,0
28.273,0
22.818,0
17.364,0
11.909,0
6.4545,0
1,0
1,0
3.5333,0
6.0667,0
8.6,0
11.133,0
13.667,0
16.2,0
18.733,0
21.267,0
23.8,0
26.333,0
28.867,0
31.4,0
33.933,0
36.467,0
39,0
38,0
35.533,0
33.067,0
30.6,0
28.133,0
25.667,0
23.2,0
20.733,0
18.267,0
15.8,0
13.333,0
10.867,0
8.4,0
5.9333,0
3.4667,0
1,0
1,0
12,0
23,0
34,0
45,0
56,0
67,0
78,0
89,0
100,0
99,0
88.111,0
77.222,0
66.333,0
55.444,0
44.556,1
33.667,1
22.778,1
11.889,1
1,1
1,0
12,0
23,0
34,0
45,0
56,0
67,0
78,0
89,0
100,0
99,0
88.111,0
77.222,0
66.333,0
55.444,0
44.556,1
33.667,1
22.778,1
11.889,1
1,1
1,0
7.4167,0
13.833,0
20.25,0
26.667,0
33.083,0
39.5,0
45.917,0
52.333,0
58.75,0
65.167,0
71.583,0
78,0
77,0
70.667,0
64.333,0
58,0
51.667,0
45.333,0
39,0
32.667,0
26.333,0
20,0
13.667,0
7.3333,0
1,0
1,0
1.8462,0
2.6923,0
3.5385,0
4.3846,0
5.2308,0
6.0769,0
6.9231,0
7.7692,0
8.6154,0
9.4615,0
10.308,0
11.154,0
12,0
12.846,0
13.692,0
14.538,0
15.385,0
16.231,0
17.077,0
17.923,0
18.769,0
19.615,0
20.462,0
21.308,0
22.154,0
23,0
22,0
21.192,0
20.385,0
19.577,0
18.769,0
17.962,0
17.154,0
16.346,0
15.538,0
14.731,0
13.923,0
13.115,0
12.308,0
11.5,0
10.692,0
9.8846,0
9.0769,0
8.2692,0
7.4615,0
6.6538,0
5.8462,0
5.0385,0
4.2308,0
3.4231,0
2.6154,0
1.8077,0
1,0
1,0
2.5789,0
4.1579,0
5.7368,0
7.3158,0
8.8947,0
10.474,0
12.053,0
13.632,0
15.211,0
16.789,0
18.368,0
19.947,0
21.526,0
23.105,0
24.684,0
26.263,0
27.842,0
29.421,0
31,0
30,0
28.474,0
26.947,0
25.421,0
23.895,0
22.368,0
20.842,0
19.316,0
17.789,0
16.263,0
14.737,0
13.211,0
11.684,0
10.158,0
8.6316,0
7.1053,0
5.5789,0
4.0526,0
2.5263,0
1,0
1,0
4.6667,0
8.3333,0
12,0
15.667,0
19.333,0
23,0
26.667,0
30.333,0
34,0
37.667,0
41.333,0
45,0
48.667,0
52.333,0
56,0
59.667,0
63.333,0
67,0
70.667,0
74.333,0
78,0
81.667,0
85.333,0
89,0
92.667,0
96.333,0
100,0
99,0
95.37,0
91.741,0
88.111,0
84.481,0
80.852,0
77.222,0
73.593,0
69.963,0
66.333,0
62.704,0
59.074,0
55.444,0
51.815,0
48.185,0
44.556,0
40.926,0
37.296,0
33.667,0
30.037,0
26.407,0
22.778,0
19.148,0
15.519,1
11.889,1
8.2593,1
4.6296,1
1,1
1,0
5.8182,0
10.636,0
15.455,0
20.273,0
25.091,0
29.909,0
34.727,0
39.545,0
44.364,0
49.182,0
54,0
53,0
48.273,0
43.545,0
38.818,0
34.091,0
29.364,0
24.636,0
19.909,0
15.182,0
10.455,0
5.7273,0
1,0
1,0
7.6,0
14.2,0
20.8,0
27.4,0
34,0
40.6,0
47.2,0
53.8,0
60.4,0
67,0
73.6,0
80.2,0
86.8,0
93.4,0
100,0
99,0
92.467,0
85.933,0
79.4,0
72.867,0
66.333,0
59.8,0
53.267,0
46.733,0
40.2,0
33.667,0
27.133,1
20.6,1
14.067,1
7.5333,1
1,1
1,0
4.4138,0
7.8276,0
11.241,0
14.655,0
18.069,0
21.483,0
24.897,0
28.31,0
31.724,0
35.138,0
38.552,0
41.966,0
45.379,0
48.793,0
52.207,0
55.621,0
59.034,0
62.448,0
65.862,0
69.276,0
72.69,0
76.103,0
79.517,0
82.931,0
86.345,0
89.759,0
93.172,0
96.586,0
100,0
99,0
95.621,0
92.241,0
88.862,0
85.483,0
82.103,0
78.724,0
75.345,0
71.966,0
68.586,0
65.207,0
61.828,0
58.448,0
55.069,0
51.69,0
48.31,0
44.931,0
41.552,0
38.172,0
34.793,0
31.414,0
28.034,0
24.655,0
21.276,0
17.897,0
14.517,1
11.138,1
7.7586,1
4.3793,1
1,1
1,0
5.7143,0
10.429,0
15.143,0
19.857,0
24.571,0
29.286,0
34,0
38.714,0
43.429,0
48.143,0
52.857,0
57.571,0
62.286,0
67,0
71.714,0
76.429,0
81.143,0
85.857,0
90.571,0
95.286,0
100,0
99,0
94.333,0
89.667,0
85,0
80.333,0
75.667,0
71,0
66.333,0
61.667,0
57,0
52.333,0
47.667,0
43,0
38.333,0
33.667,0
29,0
24.333,0
19.667,1
15,1
10.333,1
5.6667,1
1,1
1,0
4.1818,0
7.3636,0
10.545,0
13.727,0
16.909,0
20.091,0
23.273,0
26.455,0
29.636,0
32.818,0
36,0
39.182,0
42.364,0
45.545,0
48.727,0
51.909,0
55.091,0
58.273,0
61.455,0
64.636,0
67.818,0
71,0
70,0
66.864,0
63.727,0
60.591,0
57.455,0
54.318,0
51.182,0
48.045,0
44.909,0
41.773,0
38.636,0
35.5,0
32.364,0
29.227,0
26.091,0
22.955,0
19.818,0
16.682,0
13.545,0
10.409,0
7.2727,0
4.1364,0
1,0
1,0
2.6786,0
4.3571,0
6.0357,0
7.7143,0
9.3929,0
11.071,0
12.75,0
14.429,0
16.107,0
17.786,0
19.464,0
21.143,0
22.821,0
24.5,0
26.179,0
27.857,0
29.536,0
31.214,0
32.893,0
34.571,0
36.25,0
37.929,0
39.607,0
41.286,0
42.964,0
44.643,0
46.321,0
48,0
47,0
45.357,0
43.714,0
42.071,0
40.429,0
38.786,0
37.143,0
35.5,0
33.857,0
32.214,0
30.571,0
28.929,0
27.286,0
25.643,0
24,0
22.357,0
20.714,0
19.071,0
17.429,0
15.786,0
14.143,0
12.5,0
10.857,0
9.2143,0
7.5714,0
5.9286,0
4.2857,0
2.6429,0
1,0
1,0
4.96,0
8.92,0
12.88,0
16.84,0
20.8,0
24.76,0
28.72,0
32.68,0
36.64,0
40.6,0
44.56,0
48.52,0
52.48,0
56.44,0
60.4,0
64.36,0
68.32,0
72.28,0
76.24,0
80.2,0
84.16,0
88.12,0
92.08,0
96.04,0
100,0
99,0
95.08,0
91.16,0
87.24,0
83.32,0
79.4,0
75.48,0
71.56,0
67.64,0
63.72,0
59.8,0
55.88,0
51.96,0
48.04,0
44.12,0
40.2,0
36.28,0
32.36,0
28.44,0
24.52,0
20.6,0
16.68,1
12.76,1
8.84,1
4.92,1
1,1
1,0
8.6154,0
16.231,0
23.846,0
31.462,0
39.077,0
46.692,0
54.308,0
61.923,0
69.538,0
77.154,0
84.769,0
92.385,0
100,0
99,0
91.462,0
83.923,0
76.385,0
68.846,0
61.308,0
53.769,0
46.231,0
38.692,0
31.154,1
23.615,1
16.077,1
8.5385,1
1,1
1,0
5.95,0
10.9,0
15.85,0
20.8,0
25.75,0
30.7,0
35.65,0
40.6,0
45.55,0
50.5,0
55.45,0
60.4,0
65.35,0
70.3,0
75.25,0
80.2,0
85.15,0
90.1,0
95.05,0
100,0
99,0
94.1,0
89.2,0
84.3,0
79.4,0
74.5,0
69.6,0
64.7,0
59.8,0
54.9,0
50,0
45.1,0
40.2,0
35.3,0
30.4,0
25.5,0
20.6,1
15.7,1
10.8,1
5.9,1
1,1
1,0
5.5,0
10,0
14.5,0
19,0
23.5,0
28,0
32.5,0
37,0
41.5,0
46,0
50.5,0
55,0
59.5,0
64,0
68.5,0
73,0
77.5,0
82,0
86.5,0
91,0
95.5,0
100,0
99,0
94.545,0
90.091,0
85.636,0
81.182,0
76.727,0
72.273,0
67.818,0
63.364,0
58.909,0
54.455,0
50,0
45.545,0
41.091,0
36.636,0
32.182,0
27.727,0
23.273,0
18.818,1
14.364,1
9.9091,1
5.4545,1
1,1
1,0
5.4444,0
9.8889,0
14.333,0
18.778,0
23.222,0
27.667,0
32.111,0
36.556,0
41,0
40,0
35.667,0
31.333,0
27,0
22.667,0
18.333,0
14,0
9.6667,0
5.3333,0
1,0
1,0
10.9,0
20.8,0
30.7,0
40.6,0
50.5,0
60.4,0
70.3,0
80.2,0
90.1,0
100,0
99,0
89.2,0
79.4,0
69.6,0
59.8,0
50,0
40.2,1
30.4,1
20.6,1
10.8,1
1,1
1,0
10.9,0
20.8,0
30.7,0
40.6,0
50.5,0
60.4,0
70.3,0
80.2,0
90.1,0
100,0
99,0
89.2,0
79.4,0
69.6,0
59.8,0
50,0
40.2,1
30.4,1
20.6,1
10.8,1
1,1
1,0
5.95,0
10.9,0
15.85,0
20.8,0
25.75,0
30.7,0
35.65,0
40.6,0
45.55,0
50.5,0
55.45,0
60.4,0
65.35,0
70.3,0
75.25,0
80.2,0
85.15,0
90.1,0
95.05,0
100,0
99,0
94.1,0
89.2,0
84.3,0
79.4,0
74.5,0
69.6,0
64.7,0
59.8,0
54.9,0
50,0
45.1,0
40.2,0
35.3,0
30.4,0
25.5,0
20.6,1
15.7,1
10.8,1
5.9,1
1,1
1,0
3.5714,0
6.1429,0
8.7143,0
11.286,0
13.857,0
16.429,0
19,0
21.571,0
24.143,0
26.714,0
29.286,0
31.857,0
34.429,0
37,0
36,0
33.5,0
31,0
28.5,0
26,0
23.5,0
21,0
18.5,0
16,0
13.5,0
11,0
8.5,0
6,0
3.5,0
1,0
1,0
10.9,0
20.8,0
30.7,0
40.6,0
50.5,0
60.4,0
70.3,0
80.2,0
90.1,0
100,0
99,0
89.2,0
79.4,0
69.6,0
59.8,0
50,0
40.2,1
30.4,1
20.6,1
10.8,1
1,1
1,0
4.8077,0
8.6154,0
12.423,0
16.231,0
20.038,0
23.846,0
27.654,0
31.462,0
35.269,0
39.077,0
42.885,0
46.692,0
50.5,0
54.308,0
58.115,0
61.923,0
65.731,0
69.538,0
73.346,0
77.154,0
80.962,0
84.769,0
88.577,0
92.385,0
96.192,0
100,0
99,0
95.231,0
91.462,0
87.692,0
83.923,0
80.154,0
76.385,0
72.615,0
68.846,0
65.077,0
61.308,0
57.538,0
53.769,0
50,0
46.231,0
42.462,0
38.692,0
34.923,0
31.154,0
27.385,0
23.615,0
19.846,0
16.077,1
12.308,1
8.5385,1
4.7692,1
1,1
1,0
4.3,0
7.6,0
10.9,0
14.2,0
17.5,0
20.8,0
24.1,0
27.4,0
30.7,0
34,0
33,0
29.8,0
26.6,0
23.4,0
20.2,0
17,0
13.8,0
10.6,0
7.4,0
4.2,0
1,0
1,0
8.0714,0
15.143,0
22.214,0
29.286,0
36.357,0
43.429,0
50.5,0
57.571,0
64.643,0
71.714,0
78.786,0
85.857,0
92.929,0
100,0
99,0
92,0
85,0
78,0
71,0
64,0
57,0
50,0
43,0
36,0
29,1
22,1
15,1
8,1
1,1
1,0
9.25,0
17.5,0
25.75,0
34,0
42.25,0
50.5,0
58.75,0
67,0
75.25,0
83.5,0
91.75,0
100,0
99,0
90.833,0
82.667,0
74.5,0
66.333,0
58.167,0
50,0
41.833,0
33.667,1
25.5,1
17.333,1
9.1667,1
1,1
1,0
8.6154,0
16.231,0
23.846,0
31.462,0
39.077,0
46.692,0
54.308,0
61.923,0
69.538,0
77.154,0
84.769,0
92.385,0
100,0
99,0
91.462,0
83.923,0
76.385,0
68.846,0
61.308,0
53.769,0
46.231,0
38.692,0
31.154,1
23.615,1
16.077,1
8.5385,1
1,1
1,0
2.8462,0
4.6923,0
6.5385,0
8.3846,0
10.231,0
12.077,0
13.923,0
15.769,0
17.615,0
19.462,0
21.308,0
23.154,0
25,0
26.846,0
28.692,0
30.538,0
32.385,0
34.231,0
36.077,0
37.923,0
39.769,0
41.615,0
43.462,0
45.308,0
47.154,0
49,0
48,0
46.192,0
44.385,0
42.577,0
40.769,0
38.962,0
37.154,0
35.346,0
33.538,0
31.731,0
29.923,0
28.115,0
26.308,0
24.5,0
22.692,0
20.885,0
19.077,0
17.269,0
15.462,0
13.654,0
11.846,0
10.038,0
8.2308,0
6.4231,0
4.6154,0
2.8077,0
1,0
1,0
7.1875,0
13.375,0
19.562,0
25.75,0
31.938,0
38.125,0
44.312,0
50.5,0
56.688,0
62.875,0
69.062,0
75.25,0
81.438,0
87.625,0
93.812,0
100,0
99,0
92.875,0
86.75,0
80.625,0
74.5,0
68.375,0
62.25,0
56.125,0
50,0
43.875,0
37.75,0
31.625,0
25.5,1
19.375,1
13.25,1
7.125,1
1,1
1,0
1.3462,0
1.6923,0
2.0385,0
2.3846,0
2.7308,0
3.0769,0
3.4231,0
3.7692,0
4.1154,0
4.4615,0
4.8077,0
5.1538,0
5.5,0
5.8462,0
6.1923,0
6.5385,0
6.8846,0
7.2308,0
7.5769,0
7.9231,0
8.2692,0
8.6154,0
8.9615,0
9.3077,0
9.6538,0
10,0
9,0
8.6923,0
8.3846,0
8.0769,0
7.7692,0
7.4615,0
7.1538,0
6.8462,0
6.5385,0
6.2308,0
5.9231,0
5.6154,0
5.3077,0
5,0
4.6923,0
4.3846,0
4.0769,0
3.7692,0
3.4615,0
3.1538,0
2.8462,0
2.5385,0
2.2308,0
1.9231,0
1.6154,0
1.3077,0
1,0
1,0
4,0
7,0
10,0
13,0
16,0
19,0
22,0
25,0
28,0
31,0
34,0
37,0
40,0
43,0
46,0
49,0
52,0
55,0
58,0
61,0
60,0
57.05,0
54.1,0
51.15,0
48.2,0
45.25,0
42.3,0
39.35,0
36.4,0
33.45,0
30.5,0
27.55,0
24.6,0
21.65,0
18.7,0
15.75,0
12.8,0
9.85,0
6.9,0
3.95,0
1,0
1,0
2.9474,0
4.8947,0
6.8421,0
8.7895,0
10.737,0
12.684,0
14.632,0
16.579,0
18.526,0
20.474,0
22.421,0
24.368,0
26.316,0
28.263,0
30.211,0
32.158,0
34.105,0
36.053,0
38,0
37,0
35.105,0
33.211,0
31.316,0
29.421,0
27.526,0
25.632,0
23.737,0
21.842,0
19.947,0
18.053,0
16.158,0
14.263,0
12.368,0
10.474,0
8.5789,0
6.6842,0
4.7895,0
2.8947,0
1,0
1,0
3.0588,0
5.1176,0
7.1765,0
9.2353,0
11.294,0
13.353,0
15.412,0
17.471,0
19.529,0
21.588,0
23.647,0
25.706,0
27.765,0
29.824,0
31.882,0
33.941,0
36,0
35,0
33,0
31,0
29,0
27,0
25,0
23,0
21,0
19,0
17,0
15,0
13,0
11,0
9,0
7,0
5,0
3,0
1,0
1,0
4.5789,0
8.1579,0
11.737,0
15.316,0
18.895,0
22.474,0
26.053,0
29.632,0
33.211,0
36.789,0
40.368,0
43.947,0
47.526,0
51.105,0
54.684,0
58.263,0
61.842,0
65.421,0
69,0
68,0
64.474,0
60.947,0
57.421,0
53.895,0
50.368,0
46.842,0
43.316,0
39.789,0
36.263,0
32.737,0
29.211,0
25.684,0
22.158,0
18.632,0
15.105,0
11.579,0
8.0526,0
4.5263,0
1,0
1,0
10.9,0
20.8,0
30.7,0
40.6,0
50.5,0
60.4,0
70.3,0
80.2,0
90.1,0
100,0
99,0
89.2,0
79.4,0
69.6,0
59.8,0
50,0
40.2,1
30.4,1
20.6,1
10.8,1
1,1
1,0
3.1818,0
5.3636,0
7.5455,0
9.7273,0
11.909,0
14.091,0
16.273,0
18.455,0
20.636,0
22.818,0
25,0
24,0
21.909,0
19.818,0
17.727,0
15.636,0
13.545,0
11.455,0
9.3636,0
7.2727,0
5.1818,0
3.0909,0
1,0
1,0
3.1364,0
5.2727,0
7.4091,0
9.5455,0
11.682,0
13.818,0
15.955,0
18.091,0
20.227,0
22.364,0
24.5,0
26.636,0
28.773,0
30.909,0
33.045,0
35.182,0
37.318,0
39.455,0
41.591,0
43.727,0
45.864,0
48,0
47,0
44.909,0
42.818,0
40.727,0
38.636,0
36.545,0
34.455,0
32.364,0
30.273,0
28.182,0
26.091,0
24,0
21.909,0
19.818,0
17.727,0
15.636,0
13.545,0
11.455,0
9.3636,0
7.2727,0
5.1818,0
3.0909,0
1,0
1,0
4.6667,0
8.3333,0
12,0
15.667,0
19.333,0
23,0
26.667,0
30.333,0
34,0
37.667,0
41.333,0
45,0
48.667,0
52.333,0
56,0
59.667,0
63.333,0
67,0
70.667,0
74.333,0
78,0
81.667,0
85.333,0
89,0
92.667,0
96.333,0
100,0
99,0
95.37,0
91.741,0
88.111,0
84.481,0
80.852,0
77.222,0
73.593,0
69.963,0
66.333,0
62.704,0
59.074,0
55.444,0
51.815,0
48.185,0
44.556,0
40.926,0
37.296,0
33.667,0
30.037,0
26.407,0
22.778,0
19.148,0
15.519,1
11.889,1
8.2593,1
4.6296,1
1,1
1,0
3.3043,0
5.6087,0
7.913,0
10.217,0
12.522,0
14.826,0
17.13,0
19.435,0
21.739,0
24.043,0
26.348,0
28.652,0
30.957,0
33.261,0
35.565,0
37.87,0
40.174,0
42.478,0
44.783,0
47.087,0
49.391,0
51.696,0
54,0
53,0
50.739,0
48.478,0
46.217,0
43.957,0
41.696,0
39.435,0
37.174,0
34.913,0
32.652,0
30.391,0
28.13,0
25.87,0
23.609,0
21.348,0
19.087,0
16.826,0
14.565,0
12.304,0
10.043,0
7.7826,0
5.5217,0
3.2609,0
1,0
1,0
8.0714,0
15.143,0
22.214,0
29.286,0
36.357,0
43.429,0
50.5,0
57.571,0
64.643,0
71.714,0
78.786,0
85.857,0
92.929,0
100,0
99,0
92,0
85,0
78,0
71,0
64,0
57,0
50,0
43,0
36,0
29,1
22,1
15,1
8,1
1,1
1,0
2.2273,0
3.4545,0
4.6818,0
5.9091,0
7.1364,0
8.3636,0
9.5909,0
10.818,0
12.045,0
13.273,0
14.5,0
15.727,0
16.955,0
18.182,0
19.409,0
20.636,0
21.864,0
23.091,0
24.318,0
25.545,0
26.773,0
28,0
27,0
25.818,0
24.636,0
23.455,0
22.273,0
21.091,0
19.909,0
18.727,0
17.545,0
16.364,0
15.182,0
14,0
12.818,0
11.636,0
10.455,0
9.2727,0
8.0909,0
6.9091,0
5.7273,0
4.5455,0
3.3636,0
2.1818,0
1,0
1,0
5.95,0
10.9,0
15.85,0
20.8,0
25.75,0
30.7,0
35.65,0
40.6,0
45.55,0
50.5,0
55.45,0
60.4,0
65.35,0
70.3,0
75.25,0
80.2,0
85.15,0
90.1,0
95.05,0
100,0
99,0
94.1,0
89.2,0
84.3,0
79.4,0
74.5,0
69.6,0
64.7,0
59.8,0
54.9,0
50,0
45.1,0
40.2,0
35.3,0
30.4,0
25.5,0
20.6,1
15.7,1
10.8,1
5.9,1
1,1
1,0
2.3889,0
3.7778,0
5.1667,0
6.5556,0
7.9444,0
9.3333,0
10.722,0
12.111,0
13.5,0
14.889,0
16.278,0
17.667,0
19.056,0
20.444,0
21.833,0
23.222,0
24.611,0
26,0
25,0
23.667,0
22.333,0
21,0
19.667,0
18.333,0
17,0
15.667,0
14.333,0
13,0
11.667,0
10.333,0
9,0
7.6667,0
6.3333,0
5,0
3.6667,0
2.3333,0
1,0
1,0
6.5,0
12,0
17.5,0
23,0
28.5,0
34,0
39.5,0
45,0
50.5,0
56,0
61.5,0
67,0
72.5,0
78,0
83.5,0
89,0
94.5,0
100,0
99,0
93.556,0
88.111,0
82.667,0
77.222,0
71.778,0
66.333,0
60.889,0
55.444,0
50,0
44.556,0
39.111,0
33.667,0
28.222,0
22.778,1
17.333,1
11.889,1
6.4444,1
1,1
1,0
5.125,0
9.25,0
13.375,0
17.5,0
21.625,0
25.75,0
29.875,0
34,0
38.125,0
42.25,0
46.375,0
50.5,0
54.625,0
58.75,0
62.875,0
67,0
71.125,0
75.25,0
79.375,0
83.5,0
87.625,0
91.75,0
95.875,0
100,0
99,0
94.917,0
90.833,0
86.75,0
82.667,0
78.583,0
74.5,0
70.417,0
66.333,0
62.25,0
58.167,0
54.083,0
50,0
45.917,0
41.833,0
37.75,0
33.667,0
29.583,0
25.5,0
21.417,0
17.333,1
13.25,1
9.1667,1
5.0833,1
1,1
1,0
5.5,0
10,0
14.5,0
19,0
23.5,0
28,0
32.5,0
37,0
41.5,0
46,0
50.5,0
55,0
59.5,0
64,0
68.5,0
73,0
77.5,0
82,0
86.5,0
91,0
95.5,0
100,0
99,0
94.545,0
90.091,0
85.636,0
81.182,0
76.727,0
72.273,0
67.818,0
63.364,0
58.909,0
54.455,0
50,0
45.545,0
41.091,0
36.636,0
32.182,0
27.727,0
23.273,0
18.818,1
14.364,1
9.9091,1
5.4545,1
1,1
1,0
1.6667,0
2.3333,0
3,0
3.6667,0
4.3333,0
5,0
5.6667,0
6.3333,0
7,0
7.6667,0
8.3333,0
9,0
9.6667,0
10.333,0
11,0
11.667,0
12.333,0
13,0
13.667,0
14.333,0
15,0
15.667,0
16.333,0
17,0
17.667,0
18.333,0
19,0
18,0
17.37,0
16.741,0
16.111,0
15.481,0
14.852,0
14.222,0
13.593,0
12.963,0
12.333,0
11.704,0
11.074,0
10.444,0
9.8148,0
9.1852,0
8.5556,0
7.9259,0
7.2963,0
6.6667,0
6.037,0
5.4074,0
4.7778,0
4.1481,0
3.5185,0
2.8889,0
2.2593,0
1.6296,0
1,0
1,0
2.6667,0
4.3333,0
6,0
7.6667,0
9.3333,0
11,0
12.667,0
14.333,0
16,0
17.667,0
19.333,0
21,0
22.667,0
24.333,0
26,0
27.667,0
29.333,0
31,0
30,0
28.389,0
26.778,0
25.167,0
23.556,0
21.944,0
20.333,0
18.722,0
17.111,0
15.5,0
13.889,0
12.278,0
10.667,0
9.0556,0
7.4444,0
5.8333,0
4.2222,0
2.6111,0
1,0
1,0
4.4138,0
7.8276,0
11.241,0
14.655,0
18.069,0
21.483,0
24.897,0
28.31,0
31.724,0
35.138,0
38.552,0
41.966,0
45.379,0
48.793,0
52.207,0
55.621,0
59.034,0
62.448,0
65.862,0
69.276,0
72.69,0
76.103,0
79.517,0
82.931,0
86.345,0
89.759,0
93.172,0
96.586,0
100,0
99,0
95.621,0
92.241,0
88.862,0
85.483,0
82.103,0
78.724,0
75.345,0
71.966,0
68.586,0
65.207,0
61.828,0
58.448,0
55.069,0
51.69,0
48.31,0
44.931,0
41.552,0
38.172,0
34.793,0
31.414,0
28.034,0
24.655,0
21.276,0
17.897,0
14.517,1
11.138,1
7.7586,1
4.3793,1
1,1
1,0
7.1875,0
13.375,0
19.562,0
25.75,0
31.938,0
38.125,0
44.312,0
50.5,0
56.688,0
62.875,0
69.062,0
75.25,0
81.438,0
87.625,0
93.812,0
100,0
99,0
92.875,0
86.75,0
80.625,0
74.5,0
68.375,0
62.25,0
56.125,0
50,0
43.875,0
37.75,0
31.625,0
25.5,1
19.375,1
13.25,1
7.125,1
1,1
1,0
2.8519,0
4.7037,0
6.5556,0
8.4074,0
10.259,0
12.111,0
13.963,0
15.815,0
17.667,0
19.519,0
21.37,0
23.222,0
25.074,0
26.926,0
28.778,0
30.63,0
32.481,0
34.333,0
36.185,0
38.037,0
39.889,0
41.741,0
43.593,0
45.444,0
47.296,0
49.148,0
51,0
50,0
48.185,0
46.37,0
44.556,0
42.741,0
40.926,0
39.111,0
37.296,0
35.481,0
33.667,0
31.852,0
30.037,0
28.222,0
26.407,0
24.593,0
22.778,0
20.963,0
19.148,0
17.333,0
15.519,0
13.704,0
11.889,0
10.074,0
8.2593,0
6.4444,0
4.6296,0
2.8148,0
1,0
1,0
4.9091,0
8.8182,0
12.727,0
16.636,0
20.545,0
24.455,0
28.364,0
32.273,0
36.182,0
40.091,0
44,0
43,0
39.182,0
35.364,0
31.545,0
27.727,0
23.909,0
20.091,0
16.273,0
12.455,0
8.6364,0
4.8182,0
1,0
1,0
7.1875,0
13.375,0
19.562,0
25.75,0
31.938,0
38.125,0
44.312,0
50.5,0
56.688,0
62.875,0
69.062,0
75.25,0
81.438,0
87.625,0
93.812,0
100,0
99,0
92.875,0
86.75,0
80.625,0
74.5,0
68.375,0
62.25,0
56.125,0
50,0
43.875,0
37.75,0
31.625,0
25.5,1
19.375,1
13.25,1
7.125,1
1,1
1,0
2,0
3,0
4,0
5,0
6,0
7,0
8,0
9,0
10,0
11,0
12,0
13,0
14,0
15,0
16,0
17,0
18,0
17,0
16.059,0
15.118,0
14.176,0
13.235,0
12.294,0
11.353,0
10.412,0
9.4706,0
8.5294,0
7.5882,0
6.6471,0
5.7059,0
4.7647,0
3.8235,0
2.8824,0
1.9412,0
1,0
1,0
2.25,0
3.5,0
4.75,0
6,0
7.25,0
8.5,0
9.75,0
11,0
12.25,0
13.5,0
14.75,0
16,0
17.25,0
18.5,0
19.75,0
21,0
20,0
18.812,0
17.625,0
16.438,0
15.25,0
14.062,0
12.875,0
11.688,0
10.5,0
9.3125,0
8.125,0
6.9375,0
5.75,0
4.5625,0
3.375,0
2.1875,0
1,0
1,0
4.7368,0
8.4737,0
12.211,0
15.947,0
19.684,0
23.421,0
27.158,0
30.895,0
34.632,0
38.368,0
42.105,0
45.842,0
49.579,0
53.316,0
57.053,0
60.789,0
64.526,0
68.263,0
72,0
71,0
67.316,0
63.632,0
59.947,0
56.263,0
52.579,0
48.895,0
45.211,0
41.526,0
37.842,0
34.158,0
30.474,0
26.789,0
23.105,0
19.421,0
15.737,0
12.053,0
8.3684,0
4.6842,0
1,0
1,0
5.95,0
10.9,0
15.85,0
20.8,0
25.75,0
30.7,0
35.65,0
40.6,0
45.55,0
50.5,0
55.45,0
60.4,0
65.35,0
70.3,0
75.25,0
80.2,0
85.15,0
90.1,0
95.05,0
100,0
99,0
94.1,0
89.2,0
84.3,0
79.4,0
74.5,0
69.6,0
64.7,0
59.8,0
54.9,0
50,0
45.1,0
40.2,0
35.3,0
30.4,0
25.5,0
20.6,1
15.7,1
10.8,1
5.9,1
1,1
1,0
4.0909,0
7.1818,0
10.273,0
13.364,0
16.455,0
19.545,0
22.636,0
25.727,0
28.818,0
31.909,0
35,0
38.091,0
41.182,0
44.273,0
47.364,0
50.455,0
53.545,0
56.636,0
59.727,0
62.818,0
65.909,0
69,0
68,0
64.955,0
61.909,0
58.864,0
55.818,0
52.773,0
49.727,0
46.682,0
43.636,0
40.591,0
37.545,0
34.5,0
31.455,0
28.409,0
25.364,0
22.318,0
19.273,0
16.227,0
13.182,0
10.136,0
7.0909,0
4.0455,0
1,0
1,0
1.8235,0
2.6471,0
3.4706,0
4.2941,0
5.1176,0
5.9412,0
6.7647,0
7.5882,0
8.4118,0
9.2353,0
10.059,0
10.882,0
11.706,0
12.529,0
13.353,0
14.176,0
15,0
14,0
13.235,0
12.471,0
11.706,0
10.941,0
10.176,0
9.4118,0
8.6471,0
7.8824,0
7.1176,0
6.3529,0
5.5882,0
4.8235,0
4.0588,0
3.2941,0
2.5294,0
1.7647,0
1,0
1,0
5.7143,0
10.429,0
15.143,0
19.857,0
24.571,0
29.286,0
34,0
38.714,0
43.429,0
48.143,0
52.857,0
57.571,0
62.286,0
67,0
71.714,0
76.429,0
81.143,0
85.857,0
90.571,0
95.286,0
100,0
99,0
94.333,0
89.667,0
85,0
80.333,0
75.667,0
71,0
66.333,0
61.667,0
57,0
52.333,0
47.667,0
43,0
38.333,0
33.667,0
29,0
24.333,0
19.667,1
15,1
10.333,1
5.6667,1
1,1
1,0
2.25,0
3.5,0
4.75,0
6,0
7.25,0
8.5,0
9.75,0
11,0
12.25,0
13.5,0
14.75,0
16,0
15,0
13.833,0
12.667,0
11.5,0
10.333,0
9.1667,0
8,0
6.8333,0
5.6667,0
4.5,0
3.3333,0
2.1667,0
1,0
1,0
2.1579,0
3.3158,0
4.4737,0
5.6316,0
6.7895,0
7.9474,0
9.1053,0
10.263,0
11.421,0
12.579,0
13.737,0
14.895,0
16.053,0
17.211,0
18.368,0
19.526,0
20.684,0
21.842,0
23,0
22,0
20.895,0
19.789,0
18.684,0
17.579,0
16.474,0
15.368,0
14.263,0
13.158,0
12.053,0
10.947,0
9.8421,0
8.7368,0
7.6316,0
6.5263,0
5.4211,0
4.3158,0
3.2105,0
2.1053,0
1,0
1,0
3.9444,0
6.8889,0
9.8333,0
12.778,0
15.722,0
18.667,0
21.611,0
24.556,0
27.5,0
30.444,0
33.389,0
36.333,0
39.278,0
42.222,0
45.167,0
48.111,0
51.056,0
54,0
53,0
50.111,0
47.222,0
44.333,0
41.444,0
38.556,0
35.667,0
32.778,0
29.889,0
27,0
24.111,0
21.222,0
18.333,0
15.444,0
12.556,0
9.6667,0
6.7778,0
3.8889,0
1,0
1,0
3.1304,0
5.2609,0
7.3913,0
9.5217,0
11.652,0
13.783,0
15.913,0
18.043,0
20.174,0
22.304,0
24.435,0
26.565,0
28.696,0
30.826,0
32.957,0
35.087,0
37.217,0
39.348,0
41.478,0
43.609,0
45.739,0
47.87,0
50,0
49,0
46.913,0
44.826,0
42.739,0
40.652,0
38.565,0
36.478,0
34.391,0
32.304,0
30.217,0
28.13,0
26.043,0
23.957,0
21.87,0
19.783,0
17.696,0
15.609,0
13.522,0
11.435,0
9.3478,0
7.2609,0
5.1739,0
3.087,0
1,0
